scenario_id,condition,repeat_id,token_tv_to_canonical,constrained_full_law_tv,posterior_js_to_canonical,reference_js_change,directional_inner_product,directional_cosine,direction_correct,js_to_new_reference,observed_mass,residual_mass
20260811-037,contradict-replace-one,0,0.15510398747668924,0.15510399373472197,0.06512012107887137,0.008145634698379013,0.011825330866902444,0.9999931650578326,True,0.043551658950283095,0.9999999925931331,7.406868007819867e-09
20260811-036,contradict-replace-one,1,1.0015861797650048e-07,1.8717697787796093e-07,0.020479197981968213,0.05427791667905097,0.06462424044507108,0.9954267353565378,True,0.005637752422379582,1.000000007765409,0.0
20260811-039,contradict-replace-one,0,0.12325523313589708,0.12325523313589662,0.05906445057558541,0.008145634698379013,0.010920629161547098,0.9999959724265425,True,0.038312286716091166,1.000000029555121,0.0
20260811-039,irrelevant-distractor,1,5.557205190655252e-10,5.557202970209204e-10,0.00019389654077907721,3.3492958658268076e-16,-2.348813408355076e-14,-0.0887180574199867,False,0.0005289844881772292,1.000000000034094,0.0
20260811-037,irrelevant-distractor,1,5.991636014625232e-10,5.991636569736745e-10,0.0002470919790696827,3.3492958658268076e-16,-2.619929799189252e-14,-0.08872051334089463,False,0.0004585219848906668,1.00000000002863,0.0
20260811-038,contradict-replace-one,1,0.9994464435019913,0.9994463730704488,0.16864267971719993,0.15089625627626346,0.4466014670411632,0.9998839539551766,True,0.14625379742999536,0.9999999139099771,8.609002299930779e-08
20260811-036,irrelevant-distractor,0,1.0573292441782268e-07,1.927512844783072e-07,0.0004612639983911631,5.0567337645962576e-17,4.169000183308295e-13,0.39721902759269917,True,0.029669359523462988,1.000000000861346,0.0
20260811-038,irrelevant-distractor,1,7.28983946702245e-07,7.289838976989953e-07,0.0003427282388214173,5.085619683837259e-17,-1.236170790896756e-12,-0.77379701445826,False,0.11595388346789866,0.9999998919174861,1.0808251382776746e-07
20260811-039,contradict-replace-one,1,0.15510398751466808,0.15510399377270087,0.06517868601957036,0.008145634698379013,0.011827845141695647,0.9999931696443571,True,0.043551658950283095,0.9999999925931331,7.406868007819867e-09
20260811-039,irrelevant-distractor,0,5.573727247837365e-10,5.573728358060389e-10,0.00022439521032688146,3.3492958658268076e-16,-2.5048019705537622e-14,-0.08871938399860836,False,0.00048276833550874086,1.000000000032442,0.0
20260811-036,contradict-replace-one,0,1.0310915000564258e-07,1.9012751007363648e-07,0.028484273170249576,0.05427791667905097,0.07874323359254132,0.9964342322844861,True,0.00951283250587948,1.000000005459421,0.0
20260811-037,contradict-replace-one,1,0.08692641668714127,0.08692646366552194,0.05113798422218664,0.008145634698379013,0.00972263705871192,0.9999983830065402,True,0.03168284661798161,0.9999999485491851,5.1450816940246114e-08
20260811-038,irrelevant-distractor,0,7.28983946702245e-07,7.289838976989953e-07,0.0003427282388214173,5.085619683837259e-17,-1.236170790896756e-12,-0.77379701445826,False,0.11595388346789866,0.9999998919174861,1.0808251382776746e-07
20260811-037,irrelevant-distractor,0,6.012412332703326e-10,6.012409002034251e-10,0.0002327140404893619,3.3492958658268076e-16,-2.552412549741451e-14,-0.0887190631232451,False,0.0004781403383341074,1.000000000026553,0.0
20260811-038,contradict-replace-one,0,0.9994464302932404,0.9994463598543926,0.1654370200399224,0.15089625627626346,0.44408660237089065,0.9998844823412814,True,0.14319972523716168,0.999999927126033,7.287396686095349e-08
20260811-080,contradict-replace-one,0,1.0677017078410278e-06,1.0963163515636552e-06,0.12602524527179726,0.22101373914159872,0.39924927432039137,0.9999996616824036,True,0.024849854375495924,0.9999999153314361,8.46685639377398e-08
20260811-083,irrelevant-distractor,0,0.03486807271169769,0.034868079750975986,0.03799899681143293,-1.6611518864735096e-17,1.1911279707340788e-11,0.767618715072708,True,0.17832269587824953,0.9999999339151461,6.608485503267758e-08
20260811-082,irrelevant-distractor,1,0.4586459720775321,0.45864596007318137,0.0007443291416323953,3.485152972748631e-18,-5.606617171146737e-13,-0.22916664745750617,False,0.050774464670472405,0.999999889390032,1.1060996774059362e-07
20260811-081,contradict-replace-one,1,1.790420188668974e-09,1.7904200221355202e-09,9.988513531995768e-05,0.1674609826535367,-0.0012681264618569653,-0.45690398851621844,False,0.00280561405869948,1.000000000083431,0.0
20260811-082,contradict-replace-one,1,0.5006495076265556,0.5006495130271567,0.20146189129513464,0.15680047409572828,0.5511070895442634,0.999987831522831,True,0.040199112832101036,0.9999999913923401,8.60766058430329e-09
20260811-082,contradict-replace-one,0,0.5006495076265556,0.5006495130271567,0.20146189129513464,0.15680047409572828,0.5511070895442634,0.999987831522831,True,0.040199112832101036,0.9999999913923401,8.60766058430329e-09
20260811-080,irrelevant-distractor,1,0.0001381374766796697,0.000138139932830867,0.006069818008768723,-9.130889730753934e-18,-5.038500705440817e-13,-0.1284368600151969,False,0.0059392132793801185,0.9999999414819211,5.851807982626411e-08
20260811-080,contradict-replace-one,1,7.320688153672327e-06,7.320688177205424e-06,0.13657335358203337,0.22101373914159872,0.425761609580975,0.9999216595402731,True,0.019691940592575348,0.999999993247875,6.752125414344334e-09
20260811-080,irrelevant-distractor,0,0.0001381374766796697,0.000138139932830867,0.006069818008768723,-9.130889730753934e-18,-5.038500705440817e-13,-0.1284368600151969,False,0.0059392132793801185,0.9999999414819211,5.851807982626411e-08
20260811-083,contradict-replace-one,0,0.04585394731856195,0.04585394408766486,0.13724865586053692,0.2075574792193932,0.29022343417761803,0.8929869862499987,True,0.028956899512635595,0.999999922280647,7.771935295330934e-08
20260811-081,contradict-replace-one,0,1.866665938207999e-09,1.866665938207999e-09,0.0018487350659475328,0.1674609826535367,0.05183742930456837,0.9999772427102772,True,0.006336906844143859,1.000000000005202,0.0
20260811-081,irrelevant-distractor,1,0.00522012870981762,0.005220128709816586,0.10728814742440407,-4.475525354037582e-17,1.0853941862685588e-12,0.0435336171145196,True,0.02105796821557595,1.000000039348407,0.0
20260811-081,irrelevant-distractor,0,3.535442340807247e-05,3.547539554330973e-05,0.02341774288841173,-4.475525354037582e-17,5.767134191416983e-14,0.005126624230074324,True,0.08493561383528159,0.9999998790235871,1.209764125542634e-07
20260811-082,irrelevant-distractor,0,0.4931651966259552,0.49316518062686177,0.00042438587375320726,3.485152972748631e-18,-4.141685048148004e-13,-0.22779503174214566,False,0.05375722145489262,0.9999999126912341,8.730876721596559e-08
20260811-036,irrelevant-distractor,1,1.0517415052410173e-07,1.9219251075111968e-07,0.00039523348291454585,5.0567337645962576e-17,4.779011048147381e-13,0.5994890658046801,True,0.030868591315695037,1.00000000142012,0.0
20260811-124,irrelevant-distractor,0,1.7196647145880623e-06,1.7507321729020838e-06,0.0019071124001537824,-8.095990808073026e-18,9.020883183605992e-13,0.3485886751774815,True,0.024029811233074273,0.9999999586510671,4.134893383245242e-08
20260811-124,contradict-replace-one,1,0.002008284845883948,0.0020082848461191174,0.11176433763511938,0.2878977623615262,0.24730721817611506,0.6756755641129069,True,0.22461573276683267,1.000000026798888,0.0
20260811-124,irrelevant-distractor,1,2.7478807216163827e-06,2.7478805095073396e-06,0.003730340640225746,-8.095990808073026e-18,-5.364233684901449e-13,-0.12127078698973366,False,0.040795651395822884,0.999999873696479,1.2630352064224581e-07
20260811-083,contradict-replace-one,1,0.04585211270944133,0.0458521539461289,0.12561545748935649,0.2075574792193932,0.29289199034199287,0.9194851599318395,True,0.022222075652602542,0.999999968838533,3.116146607418102e-08
20260811-125,irrelevant-distractor,1,0.056563294688184836,0.056563363221515256,0.07236969844493936,1.0180281479894034e-18,2.439669089238147e-12,0.3096867320544428,True,0.04326597220966244,0.9999999049040861,9.509591347711677e-08
20260811-124,contradict-replace-one,0,0.003849984659986488,0.003849984460904252,0.1326172067188364,0.2878977623615262,0.29027148707664335,0.739538044921543,True,0.19793926139872797,0.9999999482685251,5.173147588077853e-08
20260811-125,contradict-replace-one,0,0.00358897876633603,0.0035889787322175024,0.0514803804860335,0.29682583385804423,0.21835597075188135,0.6775150140219598,True,0.00021426914024421295,0.9999999531721571,4.682784271459184e-08
20260811-125,irrelevant-distractor,0,0.02955824996805125,0.029558250002193157,0.07112570625023618,1.0180281479894034e-18,2.541340039074111e-12,0.32500422183762034,True,0.0429593277072262,1.000000014030752,0.0
20260811-126,irrelevant-distractor,1,0.0034787923336982657,0.0034787923049952856,0.006065640189329698,2.305446969182383e-17,5.985790725058992e-15,0.0006975694202982655,True,0.17534965744887188,0.9999998992654221,1.0073457878956305e-07
20260811-126,contradict-replace-one,0,0.49831068266019285,0.49831068266025824,0.11959439966140552,0.30580924828719,0.45572251906793826,0.8342569062763573,True,0.0017464363312973822,1.000000058031649,0.0
20260811-126,irrelevant-distractor,0,0.0033059972819081424,0.0033059972630902724,0.002718580216124604,2.305446969182383e-17,-7.045645521277055e-14,-0.012833715013701669,False,0.16399606287532179,0.9999999128705861,8.712941423905107e-08
20260811-125,contradict-replace-one,1,0.003589319404090084,0.0035893193699528653,0.0669061664255496,0.29682583385804423,0.24812946360668933,0.67356037136158,True,0.0019178406729781338,0.9999999701452891,2.985471103666981e-08
20260811-126,contradict-replace-one,1,0.04205198685885727,0.04205202891758167,0.09463687565835621,0.30580924828719,0.4073948782372538,0.837094916825668,True,0.002861873917505282,0.99999994191674,5.808326097866967e-08
20260811-127,irrelevant-distractor,1,0.00030608701427534737,0.00030608701185928956,0.016663324181158068,-3.022678661124868e-17,-1.5001152430893857e-13,-0.024104359840843654,False,0.008048851653944845,0.9999999629439721,3.705602835690769e-08
20260811-083,irrelevant-distractor,1,0.03924407852369174,0.03924408175467204,0.039830743274041354,-1.6611518864735096e-17,1.2226420574640114e-11,0.8098708459583985,True,0.17875108261354372,1.000000038063828,0.0
20260811-127,contradict-replace-one,1,0.00027539156192753266,0.0002753915815638925,0.02129936151328761,0.2620720418785721,0.07914171462748039,0.666407344507236,True,0.16212233266235612,0.999999996341792,3.658208402868013e-09
20260811-127,contradict-replace-one,0,0.0005601088168414542,0.0005601088387688055,0.017375892020740368,0.2620720418785721,0.07159564919893333,0.6578556300164661,True,0.16835086707838942,1.000000011288124,0.0
20260811-127,irrelevant-distractor,0,0.005586868533533695,0.005586868555481611,0.0048410877681888745,-3.022678661124868e-17,-1.898417659238557e-13,-0.05634718126405588,False,0.012673849912143199,1.000000039273141,0.0
